numero_dpe,date_etablissement_dpe,annee_construction,periode_construction,type_batiment,etiquette_dpe,etiquette_ges,adresse_ban,code_postal_ban,nom_commune_ban,coordonnee_cartographique_x_ban,coordonnee_cartographique_y_ban,surface_habitable_logement,hauteur_sous_plafond,qualite_isolation_enveloppe,qualite_isolation_murs,qualite_isolation_menuiseries,qualite_isolation_plancher_bas,deperditions_enveloppe,deperditions_murs,type_energie_principale_chauffage,conso_5_usages_par_m2_ep,emission_ges_5_usages,cout_total_5_usages,classe_inertie_batiment,zone_climatique,nombre_niveau_logement,nombre_niveau_immeuble
2675E0004081B,2026-01-02,,avant 1948,appartement,E,D,62 Rue du Dessous des Berges 75013 Paris,75013,Paris,654022.35,6858819.47,27.7,2.5,insuffisante,insuffisante,moyenne,insuffisante,23904.0,11877.2,Réseau de Chauffage urbain,319.0,1176.8,981.3,Lourde,H1a,1.0,6.0
2675E0046936I,2026-01-08,,avant 1948,appartement,E,C,32 Rue Eugène Süe 75018 Paris,75018,Paris,652217.07,6865913.78,43.6,2.6,moyenne,insuffisante,bonne,très bonne,138.8,62.8,Électricité,309.0,538.3,1519.7,Moyenne,H1a,1.0,
2675E0044676K,2026-01-08,,avant 1948,appartement,E,C,1 Avenue Taillade 75020 Paris,75020,Paris,655537.17,6864042.95,55.0,2.8,insuffisante,insuffisante,bonne,très bonne,168.7,82.4,Électricité,298.0,657.5,1825.2,Moyenne,H1a,1.0,
2675E0023773L,2026-01-06,,1948-1974,appartement,E,D,9 Rue du Chevaleret 75013 Paris,75013,Paris,654340.75,6858595.23,30.0,2.5,insuffisante,insuffisante,bonne,très bonne,16362.9,10808.1,Réseau de Chauffage urbain,293.0,1543.9,802.2,Très lourde,H1a,1.0,10.0
2575E1200511O,2025-04-08,1969.0,1948-1974,appartement,C,C,9 Rue des Périchaux 75015 Paris,75015,Paris,648436.51,6859170.37,58.0,2.5,insuffisante,insuffisante,bonne,insuffisante,33053.9,13690.3,Réseau de Chauffage urbain,176.7,1342.7,946.3,Moyenne,H1a,1.0,16.0
2675E0034950I,2026-01-07,,1948-1974,appartement,C,C,135 Avenue Gambetta 75020 Paris,75020,Paris,656118.56,6863377.66,97.3,2.5,insuffisante,insuffisante,très bonne,très bonne,154.2,58.5,Gaz naturel,154.0,2121.9,1606.2,Très lourde,H1a,1.0,
2675E0067100W,2026-01-10,,avant 1948,appartement,D,B,112 Rue Olivier de Serres 75015 Paris,75015,Paris,648071.67,6859271.14,21.0,2.3,très bonne,insuffisante,insuffisante,très bonne,57.6,23.1,Électricité,285.0,236.0,757.1,Légère,H1a,1.0,
2675E0021821J,2026-01-06,,avant 1948,appartement,D,D,73 Rue de la Convention 75015 Paris,75015,Paris,647499.39,6860532.28,83.0,2.5,insuffisante,insuffisante,très bonne,insuffisante,6789.0,3906.4,Réseau de Chauffage urbain,226.0,3249.7,1722.7,Moyenne,H1a,1.0,8.0
2675E0006462Q,2026-01-04,,avant 1948,appartement,G,C,47 Rue Greneta 75002 Paris,75002,Paris,652202.42,6863010.56,14.7,2.5,insuffisante,insuffisante,insuffisante,très bonne,121.6,68.3,Électricité,765.0,452.1,1283.8,Légère,H1a,1.0,
2175E0867628F,2021-12-07,1947.0,avant 1948,appartement,D,B,66 Rue Barrault 75013 Paris,75013,Paris,652021.55,6858575.04,30.0,2.5,insuffisante,insuffisante,bonne,très bonne,72.5,41.1,Électricité,251.4,299.5,724.5,Moyenne,H1a,1.0,
2675E0018096C,2026-01-05,,avant 1948,appartement,E,E,73 Rue de la Convention 75015 Paris,75015,Paris,647499.39,6860532.28,51.5,2.5,insuffisante,insuffisante,très bonne,insuffisante,16185.0,9298.7,Réseau de Chauffage urbain,289.0,2621.8,1357.8,Lourde,H1a,1.0,7.0
2675E0081184O,2026-01-12,,avant 1948,appartement,F,C,88 Rue Saint-Louis en l'Ile 75004 Paris,75004,Paris,652603.48,6861608.27,48.4,2.5,insuffisante,insuffisante,moyenne,insuffisante,191.1,111.6,Électricité,408.0,793.5,2172.3,Moyenne,H1a,1.0,
2675E0079556Y,2026-01-12,,1948-1974,appartement,D,D,82 Rue de la Roquette 75011 Paris,75011,Paris,654220.84,6861956.66,38.2,2.5,insuffisante,insuffisante,bonne,très bonne,130.2,44.7,Réseau de Chauffage urbain,230.0,1533.2,803.4,Très lourde,H1a,1.0,
2675E0082260Y,2026-01-12,,avant 1948,appartement,F,C,93 Rue Saint-Charles 75015 Paris,75015,Paris,647548.43,6860922.58,27.8,2.6,insuffisante,insuffisante,moyenne,très bonne,106.0,53.4,Électricité,387.0,427.1,1237.6,Moyenne,H1a,1.0,
2675E0004047T,2026-01-02,,avant 1948,appartement,E,D,62 Rue du Dessous des Berges 75013 Paris,75013,Paris,654022.35,6858819.47,37.0,2.5,insuffisante,insuffisante,moyenne,insuffisante,23904.0,11877.2,Réseau de Chauffage urbain,305.0,1553.4,1204.1,Lourde,H1a,1.0,6.0
2675E0052350O,2026-01-08,,1948-1974,appartement,D,D,9 Rue du Chevaleret 75013 Paris,75013,Paris,654340.75,6858595.23,30.0,2.5,insuffisante,insuffisante,bonne,très bonne,17682.7,10808.1,Réseau de Chauffage urbain,210.0,1095.6,579.2,Très lourde,H1a,1.0,10.0
2675E0081107P,2026-01-12,1975.0,1975-1977,appartement,F,C,12 Avenue de Verzy 75017 Paris,75017,Paris,647799.88,6864855.36,10.8,2.5,insuffisante,insuffisante,insuffisante,insuffisante,45.3,19.6,Électricité,542.0,227.0,761.6,Très lourde,H1a,1.0,
2675E0002055D,2026-01-02,,avant 1948,appartement,F,C,4 Avenue des Chasseurs 75017 Paris,75017,Paris,649100.87,6865454.94,14.6,2.5,moyenne,insuffisante,très bonne,insuffisante,66.7,25.3,Électricité,501.0,289.5,889.7,Légère,H1a,1.0,
2675E0004723T,2026-01-02,,avant 1948,immeuble,F,C,23 Rue Mouton-Duvernet 75014 Paris,75014,Paris,650657.24,6859297.7,,2.5,insuffisante,insuffisante,moyenne,insuffisante,778.0,249.6,Électricité,401.0,3120.1,9121.6,Légère,H1a,,4.0
2675E0004231V,2026-01-02,,avant 1948,appartement,E,D,62 Rue du Dessous des Berges 75013 Paris,75013,Paris,654022.35,6858819.47,28.0,2.5,insuffisante,insuffisante,moyenne,insuffisante,23904.0,11877.2,Réseau de Chauffage urbain,319.0,1188.9,988.5,Lourde,H1a,1.0,6.0
2675E0059834K,2026-01-09,,avant 1948,immeuble,F,C,16 Rue Saint-Sulpice 75006 Paris,75006,Paris,651362.4,6861479.89,,2.9,insuffisante,insuffisante,moyenne,insuffisante,587.5,173.1,Électricité,346.0,2168.1,6092.9,Moyenne,H1a,,4.0
2675E0010062C,2026-01-05,,avant 1948,appartement,E,D,11 Rue Victor Cousin 75005 Paris,75005,Paris,651738.04,6861038.18,43.1,2.6,insuffisante,insuffisante,très bonne,très bonne,165.5,93.8,Réseau de Chauffage urbain,322.0,2056.1,1444.1,Moyenne,H1a,1.0,
2175E0467516H,2021-10-08,1948.0,1948-1974,appartement,C,C,9 Place Lachambeaudie 75012 Paris,75012,Paris,654997.29,6859769.99,70.0,2.6,insuffisante,insuffisante,moyenne,très bonne,101.9,13.9,Électricité,125.7,1184.7,946.8,Légère,H1a,1.0,
2675E0020954A,2026-01-06,,avant 1948,appartement,D,B,40 Rue Pascal 75013 Paris,75013,Paris,652186.51,6859800.62,13.3,2.5,moyenne,insuffisante,insuffisante,très bonne,34.6,16.4,Électricité,293.0,148.7,547.7,Moyenne,H1a,1.0,
2675E0048187L,2026-01-08,,avant 1948,appartement,D,B,39 Rue des Envierges 75020 Paris,75020,Paris,655169.67,6863804.15,16.7,2.8,insuffisante,insuffisante,moyenne,très bonne,34.4,12.9,Électricité,261.0,167.2,593.4,Légère,H1a,1.0,
2175E0520355O,2021-10-18,1634.0,avant 1948,appartement,E,B,12 Rue Saint-Victor 75005 Paris,75005,Paris,652393.18,6861100.7,34.7,2.5,insuffisante,insuffisante,insuffisante,,103.1,8.6,Électricité,304.7,411.3,1246.0,,H1a,1.0,
2675E0064643J,2026-01-09,2004.0,2001-2005,appartement,D,B,12 Cité Falaise 75018 Paris,75018,Paris,651189.96,6866495.6,80.6,2.5,moyenne,bonne,moyenne,bonne,2107.7,317.7,Électricité,203.0,644.5,1833.6,Très lourde,H1a,1.0,5.0
2675E0012731T,2026-01-05,,avant 1948,appartement,G,C,122 Rue des Moines 75017 Paris,75017,Paris,650394.9,6866146.73,23.9,2.6,insuffisante,insuffisante,moyenne,très bonne,121.7,23.2,Électricité,526.0,502.1,1422.8,Légère,H1a,1.0,
2675E0052422I,2026-01-08,,1948-1974,appartement,D,D,9 Rue du Chevaleret 75013 Paris,75013,Paris,654340.75,6858595.23,59.0,2.5,insuffisante,insuffisante,bonne,très bonne,17682.7,10808.1,Réseau de Chauffage urbain,189.0,1929.5,1028.5,Très lourde,H1a,1.0,10.0
2675E0077739B,2026-01-12,1880.0,avant 1948,appartement,E,E,38 Rue Marguerite de Rochechouart 75009 Paris,75009,Paris,652009.6,6864538.93,68.1,2.6,insuffisante,insuffisante,moyenne,,191.9,82.0,Gaz naturel,238.1,3566.8,1773.0,Moyenne,H1a,1.0,
2675E0038399Z,2026-01-07,,1948-1974,appartement,D,C,11 Rue du Docteur Finlay 75015 Paris,75015,Paris,647746.56,6861619.68,65.3,2.7,insuffisante,insuffisante,insuffisante,très bonne,198.3,31.8,Réseau de Chauffage urbain,209.0,1925.0,1428.1,Très lourde,H1a,1.0,
2675E0007409B,2026-01-04,,avant 1948,appartement,F,C,127 Rue Saint-Charles 75015 Paris,75015,Paris,647417.47,6860692.37,16.8,2.6,insuffisante,insuffisante,bonne,très bonne,69.7,30.9,Électricité,440.0,291.8,896.0,Légère,H1a,1.0,
2675E0013197R,2026-01-05,1892.0,avant 1948,appartement,E,E,13 Rue de l'Arsenal 75004 Paris,75004,Paris,653519.9375,6861442.0,57.9,2.8,insuffisante,insuffisante,insuffisante,,199.6,135.5,Gaz naturel,243.9,2983.7,1622.0,Très lourde,H1a,1.0,
2575E0944207S,2025-03-19,1945.0,avant 1948,appartement,D,D,6 Rue Davy 75017 Paris,75017,Paris,650578.17,6865858.93,36.9,2.6,insuffisante,insuffisante,insuffisante,très bonne,95.4,27.3,Gaz naturel,209.5,1179.5,916.0,Moyenne,H1a,1.0,1.0
2675E0018259J,2026-01-05,,avant 1948,appartement,E,E,73 Rue de la Convention 75015 Paris,75015,Paris,647499.39,6860532.28,26.0,2.5,insuffisante,insuffisante,très bonne,insuffisante,16185.0,9298.7,Réseau de Chauffage urbain,311.0,1428.7,737.2,Lourde,H1a,1.0,7.0
2675E0082196M,2026-01-12,1976.0,1975-1977,appartement,D,C,20 Passage Foubert 75013 Paris,75013,Paris,652515.73,6858511.04,49.1,2.5,insuffisante,insuffisante,insuffisante,très bonne,106.8,26.8,Réseau de Chauffage urbain,187.0,1440.9,915.2,Légère,H1a,1.0,
2575E1200382P,2025-04-08,1969.0,1948-1974,appartement,C,C,9 Rue des Périchaux 75015 Paris,75015,Paris,648436.51,6859170.37,37.0,2.5,insuffisante,insuffisante,bonne,insuffisante,33053.9,13690.3,Réseau de Chauffage urbain,182.7,888.2,623.4,Moyenne,H1a,1.0,16.0
2175E0788073K,2021-11-27,1947.0,avant 1948,appartement,D,B,54 Rue de Malte 75011 Paris,75011,Paris,653512.46,6863246.09,66.4,2.4,insuffisante,insuffisante,moyenne,très bonne,136.7,45.2,Électricité,189.0,494.1,1133.9,Moyenne,H1a,1.0,
2675E0052338C,2026-01-08,,avant 1948,appartement,F,C,9 Square Delambre 75014 Paris,75014,Paris,650644.41,6860308.37,50.4,2.8,insuffisante,insuffisante,moyenne,très bonne,166.7,64.1,Électricité,341.0,692.1,1905.3,Moyenne,H1a,1.0,
2675E0033886K,2026-01-07,,avant 1948,appartement,D,B,49 Rue de Montmorency 75003 Paris,75003,Paris,652553.12,6862806.63,28.0,2.4,insuffisante,insuffisante,insuffisante,très bonne,61.7,15.9,Électricité,254.0,276.4,868.5,Légère,H1a,1.0,
2675E0043167J,2026-01-08,,avant 1948,appartement,E,E,162 Boulevard Ney 75018 Paris,75018,Paris,651184.52,6866640.99,39.0,2.8,insuffisante,insuffisante,moyenne,très bonne,135.5,54.2,Gaz naturel,252.0,2013.5,1221.1,Moyenne,H1a,1.0,
2175E0732312T,2021-11-20,1945.0,avant 1948,appartement,D,B,92 Rue Didot 75014 Paris,75014,Paris,649763.3,6858903.0,26.0,2.5,insuffisante,insuffisante,moyenne,,,,Électricité,239.4,239.5,619.0,,,1.0,1.0
2675E0022855D,2026-01-06,,avant 1948,appartement,C,B,48 Passage du Bureau 75011 Paris,75011,Paris,655533.8,6861674.22,18.6,2.6,très bonne,insuffisante,bonne,très bonne,34.1,12.2,Électricité,215.0,151.4,556.5,Moyenne,H1a,1.0,
2675E0000636O,2026-01-01,,avant 1948,appartement,E,D,62 Rue Regnault 75013 Paris,75013,Paris,654016.65,6858387.41,53.0,2.5,insuffisante,insuffisante,moyenne,insuffisante,7234.0,3382.0,Réseau de Chauffage urbain,268.0,1994.0,1475.2,Lourde,H1a,1.0,6.0
2675E0052805B,2026-01-08,1898.0,avant 1948,appartement,E,E,73 Rue Truffaut 75017 Paris,75017,Paris,650037.25,6865492.5,56.7,2.8,insuffisante,insuffisante,moyenne,,119.8,69.0,Gaz naturel,254.3,3171.8,1599.0,Très lourde,H1a,1.0,
2675E0066025N,2026-01-10,,avant 1948,appartement,C,A,6 Rue Popincourt 75011 Paris,75011,Paris,654340.8,6862076.14,33.8,2.3,très bonne,très bonne,très bonne,très bonne,43.8,2.2,Électricité,114.0,137.5,545.6,Très lourde,H1a,1.0,
2675E0024486W,2026-01-06,,1948-1974,appartement,E,E,9 Rue du Chevaleret 75013 Paris,75013,Paris,654340.75,6858595.23,41.0,2.5,insuffisante,insuffisante,bonne,très bonne,16362.9,10808.1,Réseau de Chauffage urbain,285.0,2050.6,1067.1,Très lourde,H1a,1.0,10.0
2675E0008072O,2026-01-05,,avant 1948,appartement,E,C,51 Rue Alexandre Dumas 75011 Paris,75011,Paris,655587.45,6861732.3,40.6,2.7,bonne,insuffisante,insuffisante,très bonne,124.9,51.3,Électricité,318.0,515.2,1461.4,Moyenne,H1a,1.0,
2675E0032426G,2026-01-07,,1948-1974,appartement,F,C,6b Avenue Mac-Mahon 75017 Paris,75017,Paris,648289.04,6864195.54,35.1,2.7,insuffisante,insuffisante,moyenne,insuffisante,117.8,44.3,Électricité,354.0,498.3,1418.2,Lourde,H1a,1.0,
2675E0064729R,2026-01-09,1935.0,avant 1948,appartement,E,C,12 Rue de l'Amiral Roussin 75015 Paris,75015,Paris,648557.96,6860818.12,26.6,2.7,insuffisante,insuffisante,bonne,très bonne,75.3,36.2,Électricité,324.0,336.1,1017.5,Moyenne,H1a,1.0,
2575E4043981U,2025-12-26,1948.0,1948-1974,appartement,E,E,4 Boulevard Sérurier 75019 Paris,75019,Paris,656487.04,6864334.31,49.3,2.3,insuffisante,insuffisante,moyenne,très bonne,184.2,94.3,Gaz naturel,290.0,3105.3,1591.0,Moyenne,H1a,1.0,1.0
2675E0078197R,2026-01-12,1972.0,1948-1974,appartement,D,D,7 Rue Nicolas Houël 75005 Paris,75005,Paris,653161.33,6860419.59,52.3,2.5,insuffisante,insuffisante,insuffisante,insuffisante,6966.5,952.6,Réseau de Chauffage urbain,239.0,2233.0,1142.5,Moyenne,H1a,1.0,7.0
2675E0075447X,2026-01-12,,avant 1948,appartement,D,D,13 Rue Jules Simon 75015 Paris,75015,Paris,648121.12,6860260.58,50.0,2.5,insuffisante,insuffisante,moyenne,insuffisante,14388.7,6661.1,Réseau de Chauffage urbain,210.0,1860.1,958.2,Lourde,H1a,1.0,9.0
2675E0068526S,2026-01-11,,avant 1948,appartement,G,C,151 Avenue du Maine 75014 Paris,75014,Paris,650431.83,6859507.34,18.3,2.7,insuffisante,insuffisante,bonne,très bonne,97.1,24.2,Électricité,497.0,356.8,1063.1,Légère,H1a,1.0,
2575E4042489K,2025-12-29,1945.0,avant 1948,appartement,E,C,150 Boulevard de Grenelle 75015 Paris,75015,Paris,648602.06,6861147.99,28.8,2.6,insuffisante,insuffisante,insuffisante,très bonne,90.0,35.7,Électricité,309.0,345.0,1045.0,Moyenne,H1a,1.0,1.0
2175E0548891C,2021-10-21,1948.0,1948-1974,appartement,D,D,20 Avenue de Lowendal 75015 Paris,75015,Paris,648845.13,6861232.02,133.0,2.5,insuffisante,insuffisante,moyenne,très bonne,271.6,110.7,Électricité,233.3,6494.9,2178.5,Légère,H1a,1.0,
2675E0046990K,2026-01-08,,avant 1948,appartement,F,C,11 Rue Cavallotti 75018 Paris,75018,Paris,650727.49,6865352.58,94.2,2.7,insuffisante,insuffisante,moyenne,très bonne,408.9,145.9,Électricité,398.0,1532.6,4025.7,Légère,H1a,2.0,
2675E0075507F,2026-01-12,,avant 1948,appartement,D,D,13 Rue Jules Simon 75015 Paris,75015,Paris,648121.12,6860260.58,65.0,2.5,insuffisante,insuffisante,moyenne,insuffisante,14388.7,6661.1,Réseau de Chauffage urbain,202.0,2323.0,1198.8,Lourde,H1a,1.0,9.0
2675E0028243J,2026-01-06,,avant 1948,appartement,E,C,5 Square Delambre 75014 Paris,75014,Paris,650638.57,6860337.89,48.6,3.0,insuffisante,insuffisante,bonne,insuffisante,152.2,66.9,Électricité,316.0,615.4,1712.8,Lourde,H1a,1.0,
2675E0007511Z,2026-01-04,,avant 1948,appartement,C,A,37 Rue Paul Valéry 75016 Paris,75016,Paris,647772.87,6863763.71,69.8,2.9,bonne,bonne,insuffisante,très bonne,77.5,11.2,Électricité,134.0,350.1,1155.4,Légère,H1a,1.0,
2675E0081136S,2026-01-12,,avant 1948,appartement,G,C,18 Avenue Victoria 75001 Paris,75001,Paris,652055.95,6862217.03,9.0,2.6,insuffisante,insuffisante,insuffisante,très bonne,55.1,21.8,Électricité,694.0,241.8,783.1,Légère,H1a,1.0,
2575E1972674D,2025-06-16,1945.0,avant 1948,appartement,E,B,17 Rue Christiani 75018 Paris,75018,Paris,652185.78,6865322.34,16.3,2.5,insuffisante,insuffisante,moyenne,très bonne,51.1,23.4,Électricité,329.6,195.0,693.0,Moyenne,H1a,1.0,1.0
2675E0018271V,2026-01-05,,avant 1948,appartement,E,E,73 Rue de la Convention 75015 Paris,75015,Paris,647499.39,6860532.28,41.0,2.5,insuffisante,insuffisante,très bonne,insuffisante,16185.0,9298.7,Réseau de Chauffage urbain,295.0,2130.7,1102.3,Lourde,H1a,1.0,7.0
2275E2829493P,2022-09-16,1945.0,avant 1948,appartement,D,B,70b Rue Lamarck 75018 Paris,75018,Paris,651539.42,6865752.5,20.2,2.5,insuffisante,insuffisante,moyenne,très bonne,47.0,27.0,Électricité,283.2,201.8,578.0,Légère,H1a,1.0,1.0
2675E0065783F,2026-01-10,,avant 1948,appartement,F,C,40 Rue de la Voûte 75012 Paris,75012,Paris,656585.67,6860866.4,27.1,2.5,insuffisante,insuffisante,bonne,très bonne,102.0,61.7,Électricité,364.0,393.9,1145.2,Moyenne,H1a,1.0,
2675E0000632K,2026-01-01,,avant 1948,appartement,E,D,62 Rue Regnault 75013 Paris,75013,Paris,654016.65,6858387.41,54.0,2.5,insuffisante,insuffisante,moyenne,insuffisante,7234.0,3382.0,Réseau de Chauffage urbain,267.0,2030.1,1495.6,Lourde,H1a,1.0,6.0
2675E0030750U,2026-01-07,,avant 1948,appartement,F,F,41 Rue Saint-Charles 75015 Paris,75015,Paris,647773.69,6861307.07,11.7,2.1,bonne,insuffisante,moyenne,très bonne,35.6,12.5,Gaz naturel,441.0,1099.9,501.2,Moyenne,H1a,1.0,
2675E0070160O,2026-01-12,,avant 1948,appartement,F,C,6 Rue Alphand 75013 Paris,75013,Paris,652219.56,6858850.73,21.1,1.8,insuffisante,insuffisante,insuffisante,insuffisante,113.1,41.8,Électricité,461.0,385.7,1128.1,Légère,H1a,1.0,
2675E0070540E,2026-01-12,,avant 1948,appartement,D,B,6 Cité du Labyrinthe 75020 Paris,75020,Paris,654931.0,6863185.06,25.8,2.6,moyenne,insuffisante,moyenne,insuffisante,41.6,6.4,Électricité,218.0,211.4,745.6,Moyenne,H1a,1.0,
2675E0017211B,2026-01-05,1900.0,avant 1948,appartement,D,B,54 Rue Dombasle 75015 Paris,75015,Paris,648723.34,6859710.24,30.0,2.5,insuffisante,insuffisante,bonne,très bonne,49.7,20.4,Électricité,202.0,232.0,930.0,Moyenne,H1a,1.0,
2675E0072498M,2026-01-12,,1989-2000,appartement,C,C,36 Rue de la Croix Nivert 75015 Paris,75015,Paris,648555.62,6860919.11,47.2,2.5,insuffisante,moyenne,bonne,moyenne,3729.0,690.0,Réseau de Chauffage urbain,165.0,1287.8,724.7,Lourde,H1a,1.0,7.0
2675E0078008K,2026-01-12,1972.0,1948-1974,appartement,D,D,7 Rue Nicolas Houël 75005 Paris,75005,Paris,653161.33,6860419.59,34.4,2.5,insuffisante,insuffisante,insuffisante,insuffisante,26298.0,3927.8,Réseau de Chauffage urbain,221.0,1351.5,692.9,Moyenne,H1a,1.0,11.0
2675E0025829N,2026-01-06,,avant 1948,appartement,D,D,36 Avenue Hoche 75008 Paris,75008,Paris,648610.5,6864200.91,91.6,2.7,moyenne,insuffisante,moyenne,insuffisante,321.1,137.3,Gaz naturel,208.0,4196.6,2059.1,Moyenne,H1a,1.0,
2675E0048264K,2026-01-08,1948.0,1948-1974,appartement,G,C,25 Rue Ramey 75018 Paris,75018,Paris,652092.41,6865576.76,23.0,3.2,insuffisante,insuffisante,insuffisante,bonne,171.8,69.7,Électricité,656.0,610.2,1685.0,Moyenne,H1a,1.0,
2675E0020383B,2026-01-06,,1948-1974,appartement,F,E,15 Rue Jean Lantier 75001 Paris,75001,Paris,651987.19,6862277.75,45.0,2.7,insuffisante,insuffisante,bonne,très bonne,175.1,93.8,Réseau de Chauffage urbain,351.0,2706.6,1503.8,Moyenne,H1a,1.0,
2675E0045750S,2026-01-08,,avant 1948,appartement,F,E,87 Boulevard Saint-Michel 75005 Paris,75005,Paris,651556.87,6860778.27,188.0,3.9,insuffisante,insuffisante,insuffisante,très bonne,826.1,375.9,Réseau de Chauffage urbain,354.0,11950.3,6026.3,Légère,H1a,1.0,
2175E0598391Y,2021-10-29,1947.0,avant 1948,appartement,G,C,8 Rue Auguste Barbier 75011 Paris,75011,Paris,653891.59,6863366.38,17.2,2.8,insuffisante,insuffisante,insuffisante,très bonne,142.4,77.4,Électricité,772.1,536.3,1193.8,Moyenne,H1a,1.0,
2675E0076790O,2026-01-12,1955.0,1948-1974,appartement,E,D,59 Rue de la Colonie 75013 Paris,75013,Paris,652309.04,6858411.66,63.0,2.5,insuffisante,insuffisante,moyenne,insuffisante,3950.9,1872.7,Réseau de Chauffage urbain,268.0,2902.9,1551.5,Légère,H1a,1.0,5.0
2175E0748124X,2021-11-23,1948.0,1948-1974,appartement,E,E,7 Rue Montéra 75012 Paris,75012,Paris,656555.29,6860710.06,57.9,2.5,insuffisante,insuffisante,insuffisante,très bonne,182.5,81.5,Électricité,266.1,3387.2,1004.0,Lourde,H1a,1.0,
2675E0051993V,2026-01-08,,avant 1948,appartement,E,B,17 Rue Pierre Leroux 75007 Paris,75007,Paris,650048.27,6861210.96,21.3,2.4,bonne,insuffisante,moyenne,très bonne,72.2,29.1,Électricité,324.0,271.3,845.6,Légère,H1a,1.0,
2675E0024342I,2026-01-06,,1948-1974,appartement,E,D,9 Rue du Chevaleret 75013 Paris,75013,Paris,654340.75,6858595.23,58.0,2.5,insuffisante,insuffisante,bonne,très bonne,16362.9,10808.1,Réseau de Chauffage urbain,278.0,2820.5,1470.1,Très lourde,H1a,1.0,10.0
2675E0075959P,2026-01-12,1948.0,1948-1974,appartement,C,C,8 Rue des Mariniers 75014 Paris,75014,Paris,649474.86,6858790.6,48.8,2.5,insuffisante,insuffisante,très bonne,très bonne,123.9,50.8,Réseau de Chauffage urbain,157.0,1316.5,731.0,Très lourde,H1a,1.0,1.0
2675E0051480C,2026-01-08,,avant 1948,appartement,F,F,3b Rue Jean-Marie Jégo 75013 Paris,75013,Paris,652380.12,6858886.21,36.6,2.6,insuffisante,insuffisante,bonne,très bonne,194.0,122.6,Gaz naturel,417.0,3241.8,1736.3,Légère,H1a,1.0,
2675E0020271T,2026-01-06,,avant 1948,appartement,E,C,36 Rue Serpente 75006 Paris,75006,Paris,651638.62,6861587.0,23.5,2.2,insuffisante,insuffisante,bonne,très bonne,66.5,22.1,Électricité,329.0,300.4,929.1,Légère,H1a,1.0,
2675E0072370O,2026-01-12,,avant 1948,appartement,G,C,11 Rue Camille Crespin du Gast 75011 Paris,75011,Paris,654658.92,6863046.74,27.1,2.5,insuffisante,insuffisante,bonne,très bonne,138.9,75.2,Électricité,500.0,542.2,1524.7,Moyenne,H1a,1.0,
2675E0069144M,2026-01-11,,avant 1948,immeuble,D,D,15 Rue de la Grange Batelière 75009 Paris,75009,Paris,651704.95,6863873.93,,2.5,insuffisante,insuffisante,insuffisante,insuffisante,1913.8,332.7,Gaz naturel,167.0,45820.0,20100.5,Moyenne,H1a,,6.0
2675E0078183D,2026-01-12,1972.0,1948-1974,appartement,D,D,7 Rue Nicolas Houël 75005 Paris,75005,Paris,653161.33,6860419.59,98.5,2.5,insuffisante,insuffisante,insuffisante,insuffisante,6966.5,952.6,Réseau de Chauffage urbain,230.0,4034.5,2067.9,Moyenne,H1a,1.0,7.0
2675E0063523H,2026-01-09,1900.0,avant 1948,appartement,F,D,160 Rue de l'Université 75007 Paris,75007,Paris,649167.13,6862576.36,132.2,2.9,insuffisante,insuffisante,moyenne,,657.2,380.9,Réseau de Chauffage urbain,348.6,6570.2,4419.0,Lourde,H1a,1.0,
2375E2195840J,2023-06-29,1945.0,avant 1948,appartement,E,E,22 Avenue de l'Opéra 75001 Paris,75001,Paris,651177.38,6863106.18,19.2,3.5,insuffisante,insuffisante,insuffisante,très bonne,52.7,17.5,Fioul domestique,293.1,1074.1,619.0,Très lourde,H1a,1.0,1.0
2675E0008731X,2026-01-05,,avant 1948,appartement,E,D,16 Rue Edmond Roger 75015 Paris,75015,Paris,647859.94,6860812.24,42.0,2.7,insuffisante,insuffisante,insuffisante,très bonne,154.0,60.0,Réseau de Chauffage urbain,325.0,1928.4,1422.4,Très lourde,H1a,1.0,
2175E0913366J,2021-12-15,1947.0,avant 1948,appartement,E,C,68 Rue Gay-Lussac 75005 Paris,75005,Paris,651785.31,6860413.08,31.5,2.8,insuffisante,insuffisante,moyenne,très bonne,89.8,36.3,Électricité,313.7,390.0,911.7,Légère,H1a,1.0,
2675E0002551F,2026-01-02,,avant 1948,appartement,E,B,8 Rue des Wallons 75013 Paris,75013,Paris,653050.16,6860069.21,49.8,2.8,bonne,insuffisante,bonne,très bonne,134.8,59.4,Électricité,272.0,535.2,1528.5,Légère,H1a,1.0,
2675E0052527J,2026-01-08,,1948-1974,appartement,D,D,9 Rue du Chevaleret 75013 Paris,75013,Paris,654340.75,6858595.23,58.0,2.5,insuffisante,insuffisante,bonne,très bonne,17682.7,10808.1,Réseau de Chauffage urbain,190.0,1902.2,1013.7,Très lourde,H1a,1.0,10.0
2675E0075448Y,2026-01-12,,avant 1948,appartement,D,D,13 Rue Jules Simon 75015 Paris,75015,Paris,648121.12,6860260.58,50.3,2.5,insuffisante,insuffisante,moyenne,insuffisante,14388.7,6661.1,Réseau de Chauffage urbain,210.0,1870.0,963.3,Lourde,H1a,1.0,9.0
2675E0005298W,2026-01-03,1948.0,1948-1974,appartement,E,B,10 Rue Marmontel 75015 Paris,75015,Paris,648641.3,6859919.8,46.0,2.7,bonne,insuffisante,bonne,très bonne,117.8,60.2,Électricité,266.0,482.5,1396.4,Légère,H1a,1.0,
2675E0025340S,2026-01-06,,1983-1988,appartement,D,B,87 Rue Vercingétorix 75014 Paris,75014,Paris,649702.65,6859650.73,35.4,2.5,très bonne,insuffisante,insuffisante,moyenne,65.4,14.7,Électricité,219.0,299.7,936.2,Légère,H1a,1.0,
2675E0008568Q,2026-01-05,1800.0,avant 1948,appartement,D,B,Passage du Désir 75010 Paris,75010,Paris,652800.08,6863897.04,82.4,2.8,moyenne,insuffisante,bonne,,176.4,42.2,Électricité,200.0,644.8,1830.0,Lourde,H1a,1.0,
2675E0006382O,2026-01-04,,avant 1948,appartement,F,C,34 Rue de la Montagne Sainte-Geneviève 75005 Paris,75005,Paris,652185.96,6861086.18,26.1,2.6,insuffisante,insuffisante,insuffisante,très bonne,106.7,41.9,Électricité,432.0,451.2,1292.5,Légère,H1a,1.0,
2575E0699509G,2025-03-01,1945.0,avant 1948,appartement,D,B,204 Rue de Belleville 75020 Paris,75020,Paris,655619.19,6864073.68,23.4,2.5,insuffisante,insuffisante,moyenne,très bonne,53.0,27.9,Électricité,243.6,210.6,727.0,Légère,H1a,1.0,1.0
2675E0033611V,2026-01-07,1948.0,1948-1974,appartement,F,C,59 Rue Nollet 75017 Paris,75017,Paris,650203.53,6865449.02,45.5,3.0,insuffisante,insuffisante,bonne,bonne,174.5,82.4,Électricité,385.0,681.8,1938.0,Moyenne,H1a,1.0,1.0
2575E1200385S,2025-04-08,1969.0,1948-1974,appartement,C,C,9 Rue des Périchaux 75015 Paris,75015,Paris,648436.51,6859170.37,58.0,2.5,insuffisante,insuffisante,bonne,insuffisante,33053.9,13690.3,Réseau de Chauffage urbain,176.7,1342.7,946.3,Moyenne,H1a,1.0,16.0
2675E0018115V,2026-01-05,,avant 1948,appartement,E,E,73 Rue de la Convention 75015 Paris,75015,Paris,647499.39,6860532.28,37.0,2.5,insuffisante,insuffisante,très bonne,insuffisante,16185.0,9298.7,Réseau de Chauffage urbain,298.0,1943.1,1004.7,Lourde,H1a,1.0,7.0
2675E0059665X,2026-01-09,,avant 1948,appartement,D,B,13 Rue Saint-Nicolas 75012 Paris,75012,Paris,654092.69,6861405.68,20.5,2.6,insuffisante,insuffisante,bonne,très bonne,50.0,17.2,Électricité,262.0,209.3,694.3,Légère,H1a,1.0,
2675E0076680I,2026-01-12,1955.0,1948-1974,appartement,E,D,59 Rue de la Colonie 75013 Paris,75013,Paris,652309.04,6858411.66,44.0,2.5,insuffisante,insuffisante,moyenne,insuffisante,3322.9,1602.3,Réseau de Chauffage urbain,279.0,2117.7,1128.9,Légère,H1a,1.0,5.0
2175E1008191M,2021-12-27,1780.0,avant 1948,appartement,E,C,37 Rue Etienne Marcel 75001 Paris,75001,Paris,652026.58,6862914.04,19.4,2.5,moyenne,insuffisante,insuffisante,,59.5,25.7,Électricité,345.0,260.9,657.0,,H1a,1.0,
2675E0024640U,2026-01-06,,1948-1974,appartement,E,E,9 Rue du Chevaleret 75013 Paris,75013,Paris,654340.75,6858595.23,41.0,2.5,insuffisante,insuffisante,bonne,très bonne,16362.9,10808.1,Réseau de Chauffage urbain,285.0,2050.6,1067.1,Très lourde,H1a,1.0,10.0
2675E0000681H,2026-01-01,,avant 1948,appartement,E,D,62 Rue Regnault 75013 Paris,75013,Paris,654016.65,6858387.41,38.0,2.5,insuffisante,insuffisante,moyenne,insuffisante,7234.0,3382.0,Réseau de Chauffage urbain,281.0,1446.0,1150.1,Lourde,H1a,1.0,6.0
2375E0845237C,2023-03-10,1945.0,avant 1948,appartement,D,B,3 Rue de Wattignies 75012 Paris,75012,Paris,655381.87,6859829.96,12.8,2.6,moyenne,insuffisante,moyenne,très bonne,35.2,14.3,Électricité,324.5,153.6,456.0,Moyenne,H1a,1.0,1.0
2675E0035436A,2026-01-07,,avant 1948,appartement,D,B,9 Rue du Moulin des Prés 75013 Paris,75013,Paris,652494.9,6859032.49,19.9,3.3,insuffisante,insuffisante,bonne,très bonne,57.9,25.4,Électricité,296.0,227.8,746.3,Moyenne,H1a,1.0,
2675E0016563D,2026-01-05,,avant 1948,appartement,D,D,79 Rue de la Convention 75015 Paris,75015,Paris,647538.125,6860505.0,47.1,2.5,insuffisante,insuffisante,insuffisante,,116.9,70.7,Gaz naturel,221.7,2274.0,1218.0,Très lourde,H1a,1.0,
2675E0077791B,2026-01-12,,1948-1974,appartement,D,D,48 Rue de Montreuil 75011 Paris,75011,Paris,655140.25,6861320.75,63.3,2.5,insuffisante,insuffisante,moyenne,très bonne,110.3,23.7,Gaz naturel,157.0,1966.7,1039.2,Lourde,H1a,1.0,
2675E0050924S,2026-01-08,,avant 1948,appartement,C,C,60 Rue des Dames 75017 Paris,75017,Paris,650179.05,6865067.14,52.3,2.7,insuffisante,insuffisante,bonne,très bonne,70.0,19.0,Gaz naturel,116.0,1230.1,826.3,Moyenne,H1a,1.0,
2675E0022002I,2026-01-06,,avant 1948,appartement,D,D,73 Rue de la Convention 75015 Paris,75015,Paris,647499.39,6860532.28,50.0,2.5,insuffisante,insuffisante,très bonne,insuffisante,6789.0,3906.4,Réseau de Chauffage urbain,240.0,2082.8,1099.4,Moyenne,H1a,1.0,8.0
2675E0039250S,2026-01-07,,2013-2021,immeuble,B,B,1 Rue Cantagrel 75013 Paris,75013,Paris,654329.1,6858635.69,,2.5,très bonne,très bonne,très bonne,très bonne,718.3,180.9,Réseau de Chauffage urbain,57.0,9588.8,5677.4,Très lourde,H1a,,8.0
2675E0022439D,2026-01-06,,1948-1974,appartement,E,C,23 Rue Bichat 75010 Paris,75010,Paris,653663.22,6863621.85,29.1,2.5,bonne,insuffisante,moyenne,très bonne,77.4,27.8,Électricité,345.0,390.6,1180.2,Légère,H1a,1.0,
2675E0015435T,2026-01-05,,avant 1948,appartement,F,C,36 Rue Notre-Dame de Nazareth 75003 Paris,75003,Paris,652977.63,6863233.28,23.0,2.4,insuffisante,insuffisante,moyenne,très bonne,100.0,44.9,Électricité,412.0,377.9,1103.6,Légère,H1a,1.0,
2675E0071723R,2026-01-12,1945.0,avant 1948,appartement,C,C,47 Rue de Nantes 75019 Paris,75019,PARIS,654564.92,6866044.56,24.0,2.6,bonne,insuffisante,très bonne,insuffisante,1187.4,189.5,Réseau de Chauffage urbain,142.8,568.9,341.3,Moyenne,H1a,1.0,7.0
2675E0006633F,2026-01-04,,avant 1948,appartement,E,B,30 Avenue Simon Bolivar 75019 Paris,75019,Paris,654744.34,6864045.43,33.5,2.6,insuffisante,insuffisante,moyenne,très bonne,78.4,37.5,Électricité,262.0,343.9,1035.5,Légère,H1a,1.0,
2175E0524180R,2021-10-18,1947.0,avant 1948,appartement,D,B,196 Rue des Pyrénées 75020 Paris,75020,Paris,655942.91,6862814.77,57.6,2.5,insuffisante,insuffisante,moyenne,très bonne,116.4,37.9,Électricité,208.9,472.3,1090.3,Moyenne,H1a,1.0,
2475E2395512C,2024-07-02,1945.0,avant 1948,appartement,F,C,153 Rue de Rennes 75006 Paris,75006,Paris,650492.33,6860789.49,28.1,2.9,insuffisante,insuffisante,insuffisante,bonne,127.3,55.8,Électricité,417.9,449.1,1336.0,Moyenne,H1a,1.0,1.0
2675E0043002A,2026-01-08,1947.0,avant 1948,appartement,D,B,21 Rue du Volga 75020 Paris,75020,Paris,656387.82,6861540.41,22.6,2.6,moyenne,insuffisante,moyenne,insuffisante,47.6,5.9,Électricité,243.6,211.5,706.0,Moyenne,H1a,1.0,
2675E0023648Q,2026-01-06,,avant 1948,appartement,E,C,30 Avenue du Docteur Arnold Netter 75012 Paris,75012,Paris,656362.98,6860492.45,54.4,2.7,insuffisante,insuffisante,bonne,très bonne,173.5,104.6,Électricité,291.0,631.9,1764.7,Moyenne,H1a,1.0,
2675E0038066E,2026-01-07,,avant 1948,appartement,E,C,2 Rue des Batignolles 75017 Paris,75017,Paris,650413.97,6865017.2,29.5,2.7,insuffisante,insuffisante,moyenne,très bonne,87.0,43.4,Électricité,322.0,377.8,1106.5,Moyenne,H1a,1.0,
2675E0068779L,2026-01-11,,avant 1948,appartement,E,C,68 Rue de Montreuil 75011 Paris,75011,Paris,655330.97,6861320.17,28.6,2.6,insuffisante,insuffisante,moyenne,très bonne,94.0,27.0,Électricité,350.0,398.5,1160.1,Moyenne,H1a,1.0,
2675E0002998K,2026-01-02,,avant 1948,appartement,G,C,24 Rue Pierre Nicole 75005 Paris,75005,Paris,651526.87,6860306.71,32.4,2.9,insuffisante,insuffisante,moyenne,très bonne,200.5,51.7,Électricité,599.0,785.5,2131.4,Moyenne,H1a,1.0,
2675E0023886U,2026-01-06,,1948-1974,appartement,E,D,9 Rue du Chevaleret 75013 Paris,75013,Paris,654340.75,6858595.23,72.0,2.5,insuffisante,insuffisante,bonne,très bonne,16362.9,10808.1,Réseau de Chauffage urbain,273.0,3442.3,1795.9,Très lourde,H1a,1.0,10.0
2175E0613934T,2021-11-02,1912.0,avant 1948,appartement,E,B,72 Rue Vasco de Gama 75015 Paris,75015,Paris,647522.94,6859727.77,37.9,2.6,insuffisante,insuffisante,moyenne,,109.6,39.2,Électricité,293.3,441.3,1013.0,,H1a,1.0,
2675E0068199D,2026-01-11,,avant 1948,appartement,G,C,53 Rue Sedaine 75011 Paris,75011,Paris,654191.79,6862114.57,21.8,2.6,insuffisante,insuffisante,insuffisante,très bonne,106.2,41.5,Électricité,495.0,433.5,1240.2,Légère,H1a,1.0,
2675E0010831R,2026-01-05,,avant 1948,appartement,D,B,50 Rue de la Fontaine au Roi 75011 Paris,75011,Paris,654020.48,6863291.19,14.3,2.5,très bonne,insuffisante,bonne,très bonne,41.3,13.8,Électricité,294.0,161.1,578.1,Légère,H1a,1.0,
2575E4043412X,2025-12-17,1945.0,avant 1948,appartement,G,C,59 Rue Nollet 75017 Paris,75017,Paris,650203.53,6865449.02,48.0,2.7,insuffisante,insuffisante,moyenne,très bonne,366.2,48.1,Électricité,699.0,1344.0,3612.0,Moyenne,H1a,1.0,1.0
2675E0041022W,2026-01-07,,avant 1948,appartement,E,B,7 Rue du Pré aux Clercs 75007 Paris,75007,Paris,650857.75,6862018.23,26.0,2.5,insuffisante,insuffisante,moyenne,insuffisante,70.7,28.3,Électricité,287.0,293.0,904.1,Légère,H1a,1.0,
2675E0078323N,2026-01-12,1972.0,1948-1974,appartement,D,D,7 Rue Nicolas Houël 75005 Paris,75005,Paris,653161.33,6860419.59,52.5,2.5,insuffisante,insuffisante,insuffisante,insuffisante,26298.0,3927.8,Réseau de Chauffage urbain,213.0,1990.1,1022.0,Moyenne,H1a,1.0,11.0
2675E0002077Z,2026-01-02,,2006-2012,appartement,C,C,146 Boulevard Macdonald 75019 Paris,75019,Paris,654443.01,6866738.09,63.6,2.5,très bonne,bonne,moyenne,très bonne,96.2,13.4,Réseau de Chauffage urbain,115.0,1148.3,695.1,Très lourde,H1a,1.0,
2675E0066340Q,2026-01-10,,avant 1948,appartement,F,C,19 Rue Bénard 75014 Paris,75014,Paris,650289.98,6859247.91,26.2,2.5,insuffisante,insuffisante,moyenne,très bonne,118.3,40.2,Électricité,447.0,470.9,1337.2,Légère,H1a,1.0,
2675E0061188M,2026-01-09,,avant 1948,appartement,E,B,10 Rue Bayen 75017 Paris,75017,Paris,648306.48,6864596.49,59.2,2.9,bonne,insuffisante,très bonne,très bonne,157.0,71.6,Électricité,255.0,599.0,1690.0,Lourde,H1a,1.0,
2175E0781220V,2021-11-26,1947.0,avant 1948,appartement,F,C,201 Rue du Faubourg Saint-Martin 75010 Paris,75010,Paris,653324.35,6864628.16,29.0,2.5,insuffisante,insuffisante,moyenne,très bonne,124.0,77.0,Électricité,424.9,493.2,1114.5,Moyenne,H1a,1.0,
2675E0005561Z,2026-01-03,,avant 1948,appartement,D,D,16 Rue Ernest Cresson 75014 Paris,75014,Paris,650750.39,6859400.33,44.8,2.5,bonne,insuffisante,moyenne,très bonne,106.0,41.9,Gaz naturel,248.0,1949.5,1089.8,Moyenne,H1a,1.0,
2675E0044357D,2026-01-08,1965.0,1948-1974,appartement,C,C,86 Avenue Daumesnil 75012 Paris,75012,Paris,654690.27,6860572.0,109.7,2.5,bonne,insuffisante,moyenne,très bonne,251.5,58.7,Réseau de Chauffage urbain,156.0,3023.9,1578.3,Lourde,H1a,1.0,
2175E0940194F,2021-12-14,1800.0,avant 1948,appartement,E,C,12 Rue Saint-Nicolas 75012 Paris,75012,Paris,654079.3,6861355.53,17.0,2.7,insuffisante,insuffisante,insuffisante,,57.9,29.2,Électricité,362.4,239.1,614.0,,H1a,1.0,
2675E0009047B,2026-01-05,,avant 1948,appartement,D,B,24 Rue Sainte-Félicité 75015 Paris,75015,Paris,648929.52,6860107.95,28.5,2.6,insuffisante,insuffisante,moyenne,très bonne,65.1,29.2,Électricité,241.0,266.7,845.4,Légère,H1a,1.0,
2675E0040502W,2026-01-07,,avant 1948,appartement,E,C,5 Rue de l'Essai 75005 Paris,75005,Paris,652896.01,6860141.19,39.5,2.5,insuffisante,insuffisante,moyenne,très bonne,121.6,38.4,Électricité,305.0,481.1,1372.2,Légère,H1a,1.0,
2675E0005594G,2026-01-03,,avant 1948,appartement,G,C,35 Rue du Laos 75015 Paris,75015,Paris,648741.46,6861185.68,14.8,2.6,insuffisante,insuffisante,moyenne,très bonne,92.9,27.5,Électricité,622.0,365.5,1077.0,Légère,H1a,1.0,
2175E0755233I,2021-11-23,1960.0,1948-1974,appartement,G,A,17 Rue de Javel 75015 Paris,75015,Paris,647194.74,6860977.17,63.4,2.5,insuffisante,insuffisante,insuffisante,très bonne,398.6,85.2,Électricité,429.4,19.9,2162.7,Moyenne,H1a,6.0,
2675E0020994O,2026-01-06,1913.0,avant 1948,appartement,F,F,83 Avenue Emile Zola 75015 Paris,75015,Paris,647705.77,6860977.65,52.5,3.1,insuffisante,insuffisante,moyenne,moyenne,263.8,143.1,Gaz naturel,397.8,4588.8,2236.0,Lourde,H1a,1.0,
2675E0009903Z,2026-01-05,1945.0,avant 1948,immeuble,E,C,29 Quai d'Anjou 75004 Paris,75004,Paris,652866.59,6861541.51,,2.5,insuffisante,insuffisante,insuffisante,insuffisante,1861.2,518.4,Électricité,312.0,6336.0,17990.0,Lourde,H1a,,7.0
2675E0070523N,2026-01-12,,avant 1948,appartement,F,F,123 Boulevard Masséna 75013 Paris,75013,Paris,653209.34,6857874.25,51.0,2.6,insuffisante,insuffisante,moyenne,très bonne,250.6,120.8,Gaz naturel,361.0,4065.3,1803.3,Légère,H1a,1.0,
2675E0023709Z,2026-01-06,,1948-1974,appartement,E,D,9 Rue du Chevaleret 75013 Paris,75013,Paris,654340.75,6858595.23,30.0,2.5,insuffisante,insuffisante,bonne,très bonne,16362.9,10808.1,Réseau de Chauffage urbain,293.0,1543.9,802.2,Très lourde,H1a,1.0,10.0
2675E0053634Y,2026-01-09,,1975-1977,appartement,C,C,30 Rue de Paradis 75010 Paris,75010,Paris,652474.84,6864102.97,31.1,3.0,très bonne,insuffisante,très bonne,très bonne,50.4,15.3,Réseau de Chauffage urbain,157.0,749.7,504.5,Lourde,H1a,1.0,
2675E0018288M,2026-01-05,,avant 1948,appartement,E,E,73 Rue de la Convention 75015 Paris,75015,Paris,647499.39,6860532.28,39.4,2.5,insuffisante,insuffisante,très bonne,insuffisante,16185.0,9298.7,Réseau de Chauffage urbain,296.0,2054.3,1062.5,Lourde,H1a,1.0,7.0
2575E2287980H,2025-07-02,1945.0,avant 1948,maison,E,B,190 Rue de Vaugirard 75015 Paris,75015,Paris,649259.52,6860416.19,34.4,2.7,insuffisante,insuffisante,moyenne,très bonne,130.4,37.8,Électricité,260.2,344.0,1050.0,Lourde,H1a,1.0,1.0
2675E0067502I,2026-01-11,,avant 1948,appartement,E,B,38 Rue de Saintonge 75003 Paris,75003,Paris,653315.25,6862706.03,36.0,2.9,bonne,insuffisante,moyenne,très bonne,94.2,32.2,Électricité,265.0,376.9,1110.6,Légère,H1a,1.0,
2175E0772916L,2021-11-25,1947.0,avant 1948,appartement,D,B,74 Rue Jean-Pierre Timbaud 75011 Paris,75011,Paris,654205.86,6863198.31,30.0,2.7,insuffisante,insuffisante,moyenne,très bonne,71.1,24.8,Électricité,250.5,294.7,722.3,Moyenne,H1a,1.0,
2675E0080560O,2026-01-12,,avant 1948,appartement,D,C,283 Boulevard Voltaire 75011 Paris,75011,Paris,655582.38,6861204.81,76.0,2.8,insuffisante,insuffisante,bonne,très bonne,151.0,85.8,Gaz naturel,206.0,1633.1,1705.9,Moyenne,H1a,1.0,
2175E0493710T,2021-10-13,1975.0,1975-1977,appartement,E,D,22 Boulevard Kellermann 75013 Paris,75013,Paris,652757.15,6858007.35,45.8,2.5,insuffisante,insuffisante,insuffisante,très bonne,135.9,16.0,Électricité,262.0,1926.2,965.7,Lourde,H1a,1.0,
2675E0008803R,2026-01-05,,avant 1948,appartement,E,B,56 Avenue des Gobelins 75013 Paris,75013,Paris,652557.93,6859486.88,22.3,2.7,bonne,insuffisante,moyenne,insuffisante,54.6,15.5,Électricité,305.0,263.3,837.4,Légère,H1a,1.0,
2675E0080600C,2026-01-12,,avant 1948,appartement,C,A,97 Rue Saint-Honoré 75001 Paris,75001,Paris,651805.84,6862562.93,25.1,2.5,très bonne,insuffisante,moyenne,très bonne,44.9,9.6,Électricité,165.0,153.1,572.9,Légère,H1a,1.0,
2675E0024100A,2026-01-06,,1948-1974,appartement,E,E,9 Rue du Chevaleret 75013 Paris,75013,Paris,654340.75,6858595.23,41.0,2.5,insuffisante,insuffisante,bonne,très bonne,16362.9,10808.1,Réseau de Chauffage urbain,285.0,2050.6,1067.1,Très lourde,H1a,1.0,10.0
2675E0075208S,2026-01-12,,avant 1948,appartement,D,D,13 Rue Jules Simon 75015 Paris,75015,Paris,648121.12,6860260.58,52.0,2.5,insuffisante,insuffisante,moyenne,insuffisante,14388.7,6661.1,Réseau de Chauffage urbain,208.0,1921.9,990.2,Lourde,H1a,1.0,9.0
2675E0024915J,2026-01-06,,avant 1948,appartement,D,D,41 Rue la Bruyère 75009 Paris,75009,Paris,651081.77,6864607.08,191.3,2.9,moyenne,insuffisante,insuffisante,très bonne,503.6,179.3,Gaz naturel,155.0,6531.0,3123.3,Moyenne,H1a,1.0,
2675E0023931N,2026-01-06,,1948-1974,appartement,E,D,9 Rue du Chevaleret 75013 Paris,75013,Paris,654340.75,6858595.23,59.0,2.5,insuffisante,insuffisante,bonne,très bonne,16362.9,10808.1,Réseau de Chauffage urbain,277.0,2864.9,1493.3,Très lourde,H1a,1.0,10.0
2675E0041250Q,2026-01-07,1850.0,avant 1948,appartement,D,D,101 Rue de Montreuil 75011 Paris,75011,Paris,655523.1,6861350.05,82.8,3.0,insuffisante,insuffisante,bonne,,212.6,113.1,Gaz naturel,197.2,3577.7,1790.0,Lourde,H1a,1.0,
2675E0004225P,2026-01-02,,avant 1948,appartement,E,D,62 Rue du Dessous des Berges 75013 Paris,75013,Paris,654022.35,6858819.47,89.0,2.5,insuffisante,insuffisante,moyenne,insuffisante,23904.0,11877.2,Réseau de Chauffage urbain,272.0,3637.9,2386.3,Lourde,H1a,1.0,6.0
2675E0066102M,2026-01-10,,avant 1948,appartement,F,F,99 Rue Damrémont 75018 Paris,75018,Paris,651392.63,6866286.84,96.0,2.6,insuffisante,insuffisante,moyenne,très bonne,522.7,87.4,Gaz naturel,376.0,7975.7,3719.3,Légère,H1a,1.0,
2675E0024569B,2026-01-06,,1948-1974,appartement,E,D,9 Rue du Chevaleret 75013 Paris,75013,Paris,654340.75,6858595.23,58.0,2.5,insuffisante,insuffisante,bonne,très bonne,16362.9,10808.1,Réseau de Chauffage urbain,278.0,2820.5,1470.1,Très lourde,H1a,1.0,10.0
2475E3055900Q,2024-09-02,1945.0,avant 1948,appartement,E,E,11 Rue Armand Carrel 75019 Paris,75019,Paris,654534.22,6864898.76,30.3,2.7,insuffisante,insuffisante,bonne,très bonne,97.7,68.8,Gaz naturel,255.2,1634.6,956.0,Moyenne,H1a,1.0,1.0
2675E0019655B,2026-01-06,,avant 1948,appartement,F,C,68 Rue du Moulin Vert 75014 Paris,75014,Paris,650127.31,6859214.84,49.3,2.7,insuffisante,insuffisante,bonne,très bonne,175.3,73.6,Électricité,334.0,662.8,1830.8,Légère,H1a,6.0,
2675E0016744C,2026-01-05,,avant 1948,appartement,D,B,7 Rue des Filles du Calvaire 75003 Paris,75003,Paris,653433.87,6862676.83,21.5,2.7,bonne,insuffisante,moyenne,très bonne,46.6,18.6,Électricité,249.0,205.4,691.6,Légère,H1a,1.0,
2675E0040815X,2026-01-07,1800.0,avant 1948,appartement,E,B,58 Rue Marguerite de Rochechouart 75009 Paris,75009,Paris,652071.25,6864703.33,39.0,2.6,insuffisante,insuffisante,moyenne,insuffisante,91.8,34.7,Électricité,259.0,396.5,1170.9,Légère,H1a,1.0,
2675E0021578A,2026-01-06,1900.0,avant 1948,appartement,D,D,23 Rue du Docteur Heulin 75017 Paris,75017,Paris,650390.6,6865799.71,44.1,2.5,insuffisante,insuffisante,bonne,très bonne,93.8,38.3,Gaz naturel,160.0,1502.0,949.0,Moyenne,H1a,1.0,
2675E0080936A,2026-01-12,1956.0,1948-1974,appartement,D,B,6t Boulevard Delessert 75016 Paris,75016,Paris,647576.12,6862336.23,34.7,2.6,insuffisante,insuffisante,moyenne,très bonne,147.1,65.0,Électricité,223.0,296.4,931.3,Légère,H1a,1.0,
2675E0055671H,2026-01-09,,avant 1948,appartement,D,B,118 Rue de Meaux 75019 Paris,75019,Paris,654679.78,6865252.01,32.6,2.6,insuffisante,insuffisante,très bonne,très bonne,78.6,31.9,Électricité,258.0,326.8,998.2,Moyenne,H1a,1.0,
2675E0075137Z,2026-01-12,,avant 1948,appartement,D,D,13 Rue Jules Simon 75015 Paris,75015,Paris,648121.12,6860260.58,54.1,2.5,insuffisante,insuffisante,moyenne,insuffisante,14388.7,6661.1,Réseau de Chauffage urbain,207.0,1987.6,1024.4,Lourde,H1a,1.0,9.0
2675E0078859D,2026-01-12,,avant 1948,appartement,E,E,21 Rue Duret 75016 Paris,75016,Paris,647626.36,6864086.41,35.0,2.8,bonne,insuffisante,bonne,insuffisante,109.4,41.6,Gaz naturel,311.0,1898.5,1191.6,Moyenne,H1a,1.0,
2675E0002206Y,2026-01-02,1909.0,avant 1948,appartement,C,C,45 Boulevard Exelmans 75016 Paris,75016,Paris,645848.38,6860457.84,28.0,2.6,bonne,très bonne,très bonne,très bonne,920.6,80.3,Gaz naturel,138.0,819.4,388.4,Lourde,H1a,1.0,5.0
2675E0035249V,2026-01-07,,2013-2021,appartement,C,C,60 Avenue Parmentier 75011 Paris,75011,Paris,654268.27,6862694.31,76.3,2.6,très bonne,très bonne,très bonne,très bonne,2949.3,498.0,Gaz naturel,87.0,1300.9,657.6,Légère,H1a,1.0,10.0
2675E0078273P,2026-01-12,,avant 1948,appartement,G,C,8 Passage du Génie 75012 Paris,75012,Paris,655206.25,6861134.76,17.1,3.8,moyenne,très bonne,bonne,insuffisante,90.5,9.1,Électricité,526.0,355.6,1056.2,Moyenne,H1a,1.0,
2675E0030838E,2026-01-07,,avant 1948,appartement,D,D,7 Rue Campagne Première 75014 Paris,75014,Paris,651053.65,6860209.16,53.5,2.5,bonne,insuffisante,moyenne,très bonne,137.5,59.3,Gaz naturel,208.0,2421.5,1288.3,Légère,H1a,1.0,
2675E0081548O,2026-01-12,,avant 1948,appartement,F,F,39 Rue Pétion 75011 Paris,75011,Paris,654538.89,6862400.5,48.4,2.5,bonne,insuffisante,moyenne,très bonne,136.4,34.8,Fioul domestique,268.0,4054.5,1921.4,Moyenne,H1a,1.0,
2675E0004273L,2026-01-02,,avant 1948,appartement,E,D,62 Rue du Dessous des Berges 75013 Paris,75013,Paris,654022.35,6858819.47,28.0,2.5,insuffisante,insuffisante,moyenne,insuffisante,23904.0,11877.2,Réseau de Chauffage urbain,319.0,1188.9,988.5,Lourde,H1a,1.0,6.0
2675E0066261P,2026-01-10,1900.0,avant 1948,appartement,C,A,2 Square Alice 75014 Paris,75014,Paris,649632.0625,6858736.5,38.7,2.8,insuffisante,insuffisante,très bonne,,40.2,14.8,Électricité,178.9,264.9,849.0,Moyenne,H1a,1.0,
2175E0807487C,2021-11-30,1947.0,avant 1948,appartement,E,C,183 Rue du Faubourg Saint-Denis 75010 Paris,75010,Paris,652906.09,6864755.98,38.0,2.4,insuffisante,insuffisante,insuffisante,très bonne,118.0,63.0,Électricité,317.0,478.0,1091.7,Moyenne,H1a,1.0,
2675E0023209T,2026-01-06,,1948-1974,appartement,C,C,11 Quai de la Gironde 75019 Paris,75019,Paris,654882.7,6866155.83,55.6,2.5,très bonne,insuffisante,très bonne,très bonne,112.4,33.4,Gaz naturel,132.0,1562.3,710.1,Lourde,H1a,1.0,
2675E0035321P,2026-01-07,,2013-2021,appartement,C,C,60 Avenue Parmentier 75011 Paris,75011,Paris,654268.27,6862694.31,53.6,2.6,très bonne,très bonne,très bonne,très bonne,2949.3,498.0,Gaz naturel,94.0,988.9,498.5,Légère,H1a,1.0,10.0
2375E1484734D,2023-02-23,1945.0,avant 1948,appartement,C,A,27 Rue des Morillons 75015 Paris,75015,Paris,648488.41,6859524.73,12.7,2.6,bonne,bonne,moyenne,très bonne,18.6,1.9,Électricité,194.7,88.8,332.0,Légère,H1a,6.0,6.0
2675E0076853Z,2026-01-12,1920.0,avant 1948,appartement,E,B,11 Rue de la Voûte 75012 Paris,75012,Paris,656446.19,6860743.79,24.6,2.8,moyenne,insuffisante,moyenne,très bonne,71.8,29.5,Électricité,289.0,279.5,868.2,Lourde,H1a,1.0,
2675E0044174C,2026-01-07,1945.0,avant 1948,appartement,G,G,8 Rue du Commandeur 75014 Paris,75014,Paris,650924.73,6858922.04,34.5,2.7,insuffisante,insuffisante,insuffisante,très bonne,195.2,109.1,Gaz naturel,529.0,4034.2,1758.0,Moyenne,H1a,1.0,1.0
2675E0004348I,2026-01-02,,avant 1948,appartement,E,D,62 Rue du Dessous des Berges 75013 Paris,75013,Paris,654022.35,6858819.47,40.0,2.5,insuffisante,insuffisante,moyenne,insuffisante,23904.0,11877.2,Réseau de Chauffage urbain,302.0,1675.0,1275.9,Lourde,H1a,1.0,6.0
2675E0046603N,2026-01-08,,avant 1948,appartement,D,B,24 Rue Durantin 75018 Paris,75018,Paris,651345.21,6865338.57,32.5,2.5,très bonne,insuffisante,bonne,très bonne,84.5,34.7,Électricité,238.0,305.2,930.9,Lourde,H1a,1.0,
2675E0014343T,2026-01-05,,1948-1974,appartement,E,E,113 Rue des Grands Champs 75020 Paris,75020,Paris,656546.69,6861520.75,59.6,2.5,insuffisante,insuffisante,moyenne,très bonne,190.8,55.3,Gaz naturel,301.0,3897.8,1730.1,Lourde,H1a,1.0,
2675E0060616M,2026-01-09,,avant 1948,appartement,D,D,48 Rue de Moscou 75008 Paris,75008,Paris,650317.68,6864864.23,52.7,2.7,bonne,insuffisante,moyenne,très bonne,140.9,66.4,Gaz naturel,225.0,2592.6,1353.6,Lourde,H1a,1.0,
2675E0039915H,2026-01-07,1967.0,1948-1974,appartement,C,C,80 Rue Didot 75014 Paris,75014,Paris,649805.23,6858958.2,83.8,2.5,insuffisante,insuffisante,très bonne,,180.1,55.3,Réseau de Chauffage urbain,170.0,2496.2,1333.0,Moyenne,H1a,1.0,
2675E0036687D,2026-01-07,,avant 1948,appartement,E,C,8 Rue Bochart de Saron 75009 Paris,75009,Paris,651805.82,6864711.99,11.6,2.6,insuffisante,insuffisante,moyenne,très bonne,45.1,19.7,Électricité,444.0,200.8,673.1,Légère,H1a,1.0,
2675E0020811N,2026-01-06,,avant 1948,appartement,F,C,1 Rue Troyon 75017 Paris,75017,Paris,648350.27,6864176.87,53.5,2.4,moyenne,insuffisante,insuffisante,très bonne,201.2,88.8,Électricité,354.0,764.4,2089.3,Moyenne,H1a,1.0,
2675E0033405X,2026-01-07,,1948-1974,immeuble,C,C,13 Boulevard Exelmans 75016 Paris,75016,Paris,646117.58,6860258.62,,2.5,insuffisante,insuffisante,insuffisante,bonne,1579.6,226.0,Réseau de Chauffage urbain,146.0,28950.9,14164.2,Légère,H1a,,7.0
2675E0071694O,2026-01-12,,2013-2021,appartement,B,B,1 Rue Cantagrel 75013 Paris,75013,Paris,654329.1,6858635.69,71.4,2.5,très bonne,très bonne,très bonne,très bonne,718.3,180.9,Réseau de Chauffage urbain,59.0,701.5,413.8,Très lourde,H1a,1.0,8.0
2675E0076828A,2026-01-12,1955.0,1948-1974,appartement,E,D,59 Rue de la Colonie 75013 Paris,75013,Paris,652309.04,6858411.66,52.0,2.5,insuffisante,insuffisante,moyenne,insuffisante,3322.9,1602.3,Réseau de Chauffage urbain,276.0,2476.4,1321.2,Légère,H1a,1.0,5.0
2675E0052456Q,2026-01-08,,1948-1974,appartement,D,D,9 Rue du Chevaleret 75013 Paris,75013,Paris,654340.75,6858595.23,44.0,2.5,insuffisante,insuffisante,bonne,très bonne,17682.7,10808.1,Réseau de Chauffage urbain,198.0,1507.6,800.7,Très lourde,H1a,1.0,10.0
2675E0073139D,2026-01-12,,avant 1948,appartement,D,B,43 Rue du Simplon 75018 Paris,75018,Paris,652208.95,6866227.89,35.6,2.8,insuffisante,moyenne,bonne,très bonne,63.9,9.1,Électricité,196.0,273.0,856.1,Légère,H1a,1.0,
2675E0004078Y,2026-01-02,,avant 1948,appartement,E,D,62 Rue du Dessous des Berges 75013 Paris,75013,Paris,654022.35,6858819.47,28.0,2.5,insuffisante,insuffisante,moyenne,insuffisante,23904.0,11877.2,Réseau de Chauffage urbain,319.0,1188.9,988.5,Lourde,H1a,1.0,6.0
2675E0047402G,2026-01-08,,1975-1977,appartement,E,D,28t Rue Guersant 75017 Paris,75017,Paris,647886.82,6864851.24,44.3,2.5,très bonne,moyenne,insuffisante,très bonne,94.7,15.8,Gaz naturel,255.0,2188.6,1201.6,Lourde,H1a,1.0,
2675E0052622A,2026-01-08,,1948-1974,appartement,D,D,9 Rue du Chevaleret 75013 Paris,75013,Paris,654340.75,6858595.23,41.0,2.5,insuffisante,insuffisante,bonne,très bonne,17682.7,10808.1,Réseau de Chauffage urbain,200.0,1419.3,753.3,Très lourde,H1a,1.0,10.0
2675E0062952I,2026-01-09,1983.0,1983-1988,appartement,D,D,124 Rue de l'Ouest 75014 Paris,75014,Paris,649658.08,6859471.31,26.0,2.5,bonne,bonne,moyenne,insuffisante,49.9,9.0,Gaz naturel,245.0,1302.2,855.1,Lourde,H1a,1.0,
2675E0004088I,2026-01-02,1963.0,1948-1974,appartement,C,C,16 Rue Lacépède 75005 Paris,75005,Paris,652529.22,6860605.43,30.0,2.5,moyenne,insuffisante,bonne,moyenne,2517.1,350.3,Réseau de Chauffage urbain,167.0,891.6,463.5,Légère,H1a,1.0,9.0
2675E0039952S,2026-01-07,,1983-1988,appartement,C,C,26 Rue du Borrégo 75020 Paris,75020,Paris,656021.77,6863827.2,25.2,2.5,insuffisante,insuffisante,moyenne,très bonne,33.6,4.3,Réseau de Chauffage urbain,111.0,452.2,266.1,Légère,H1a,1.0,
2675E0041169N,2026-01-07,,1978-1982,appartement,D,B,158 Rue des Pyrénées 75020 Paris,75020,Paris,656055.91,6862419.71,25.9,2.5,insuffisante,insuffisante,bonne,très bonne,49.5,6.8,Électricité,238.0,233.1,791.5,Très lourde,H1a,1.0,
2675E0034156U,2026-01-07,,avant 1948,appartement,G,C,16 Passage Saint-Pierre Amelot 75011 Paris,75011,Paris,653820.75,6862715.21,15.5,2.7,insuffisante,insuffisante,insuffisante,très bonne,128.4,50.8,Électricité,684.0,427.0,1220.3,Moyenne,H1a,1.0,
2675E0021781V,2026-01-06,,1975-1977,appartement,E,B,1 Rue Duhesme 75018 Paris,75018,Paris,651361.51,6865795.03,40.5,2.5,insuffisante,insuffisante,moyenne,insuffisante,86.5,15.8,Électricité,253.0,400.2,1200.8,Moyenne,H1a,1.0,
2675E0041064M,2026-01-07,,1989-2000,appartement,C,A,31 Avenue de Laumière 75019 Paris,75019,Paris,654543.65,6865072.38,30.0,2.5,insuffisante,moyenne,moyenne,très bonne,33.9,2.4,Électricité,153.0,168.3,645.4,Lourde,H1a,1.0,
2375E0628756X,2023-02-17,1945.0,avant 1948,appartement,G,C,30 Avenue Secrétan 75019 Paris,75019,Paris,653984.06,6864783.01,33.7,2.7,insuffisante,insuffisante,très bonne,très bonne,161.1,110.9,Électricité,464.5,606.6,1391.0,Légère,H1a,1.0,1.0
2675E0049932O,2026-01-08,,avant 1948,appartement,C,B,112 Rue de la Roquette 75011 Paris,75011,Paris,654389.48,6862051.96,15.9,2.5,très bonne,insuffisante,insuffisante,très bonne,30.7,6.9,Électricité,238.0,142.2,536.2,Légère,H1a,1.0,
2675E0004408Q,2026-01-02,1962.0,1948-1974,immeuble,E,E,9 Rue Messidor 75012 Paris,75012,Paris,656189.62,6860201.64,,2.5,insuffisante,insuffisante,bonne,insuffisante,3044.4,861.1,Gaz naturel,297.7,52027.2,21478.0,Lourde,H1a,,4.0
2675E0003084S,2026-01-02,,avant 1948,appartement,G,C,4 Rue Antoine Roucher 75016 Paris,75016,Paris,646548.38,6861023.79,50.6,3.0,insuffisante,insuffisante,insuffisante,très bonne,277.6,134.1,Électricité,553.0,1140.7,3028.1,Moyenne,H1a,1.0,
2675E0073876M,2026-01-12,,avant 1948,appartement,E,C,36 Rue d'Aubervilliers 75019 Paris,75019,Paris,653540.06,6865304.75,29.9,2.6,insuffisante,insuffisante,insuffisante,très bonne,89.1,43.3,Électricité,316.0,374.7,1101.5,Légère,H1a,1.0,
2675E0030737H,2026-01-07,,avant 1948,appartement,G,C,31 Boulevard de Charonne 75011 Paris,75011,Paris,655842.71,6861381.52,21.3,2.6,insuffisante,insuffisante,bonne,très bonne,170.5,76.2,Électricité,714.0,619.1,1701.1,Légère,H1a,1.0,
2675E0031607T,2026-01-07,,avant 1948,appartement,D,D,149 Rue de Belleville 75019 Paris,75019,Paris,655282.03,6864115.31,74.6,2.7,insuffisante,insuffisante,bonne,très bonne,247.6,114.2,Gaz naturel,192.0,3031.1,1646.8,Moyenne,H1a,1.0,
2175E0474444T,2021-10-11,1948.0,1948-1974,appartement,E,E,42 Rue de Cronstadt 75015 Paris,75015,Paris,648689.41,6859476.25,53.2,2.6,insuffisante,insuffisante,insuffisante,très bonne,105.9,13.3,Électricité,238.8,2781.2,829.6,Moyenne,H1a,1.0,
2575E1200555G,2025-04-08,1969.0,1948-1974,appartement,C,C,9 Rue des Périchaux 75015 Paris,75015,Paris,648436.51,6859170.37,58.0,2.5,insuffisante,insuffisante,bonne,insuffisante,33053.9,13690.3,Réseau de Chauffage urbain,176.7,1342.7,946.3,Moyenne,H1a,1.0,16.0
2675E0001344U,2026-01-02,,avant 1948,appartement,F,C,15 Rue Bénard 75014 Paris,75014,Paris,650309.26,6859236.63,30.7,2.7,moyenne,insuffisante,insuffisante,très bonne,116.5,51.6,Électricité,431.0,525.3,1494.2,Moyenne,H1a,1.0,
2675E0074074C,2026-01-12,,1989-2000,appartement,C,C,36 Rue de la Croix Nivert 75015 Paris,75015,Paris,648555.62,6860919.11,81.6,2.5,insuffisante,moyenne,bonne,moyenne,2515.6,569.7,Réseau de Chauffage urbain,160.0,2153.7,1218.4,Lourde,H1a,1.0,8.0
2675E0022431V,2026-01-06,,avant 1948,appartement,F,E,5 Villa Flore 75016 Paris,75016,Paris,646150.51,6861353.62,25.7,2.9,insuffisante,insuffisante,insuffisante,insuffisante,73.6,21.2,Gaz naturel,451.0,1414.8,1181.6,Légère,H1a,1.0,
2675E0073878O,2026-01-12,,avant 1948,appartement,G,F,209 Avenue Daumesnil 75012 Paris,75012,Paris,655850.63,6860022.74,43.2,2.8,insuffisante,insuffisante,très bonne,très bonne,210.5,110.0,Gaz naturel,428.0,3501.2,1907.0,Moyenne,H1a,1.0,
2675E0002390A,2026-01-02,,avant 1948,appartement,E,B,12 Rue de Castellane 75008 Paris,75008,Paris,650455.67,6863822.65,92.2,2.8,insuffisante,insuffisante,bonne,très bonne,192.8,93.8,Électricité,255.0,939.1,2561.8,Moyenne,H1a,1.0,
2675E0052415B,2026-01-08,,1948-1974,appartement,D,D,9 Rue du Chevaleret 75013 Paris,75013,Paris,654340.75,6858595.23,41.0,2.5,insuffisante,insuffisante,bonne,très bonne,17682.7,10808.1,Réseau de Chauffage urbain,200.0,1419.3,753.3,Très lourde,H1a,1.0,10.0
2675E0002129Z,2026-01-02,,avant 1948,appartement,E,B,3 Rue Bezout 75014 Paris,75014,Paris,651024.4,6858971.12,42.4,2.7,moyenne,insuffisante,moyenne,très bonne,124.7,51.3,Électricité,273.0,457.5,1321.6,Lourde,H1a,1.0,
2675E0018649J,2026-01-05,2000.0,1989-2000,appartement,C,C,8 Rue du Texel 75014 Paris,75014,Paris,650070.09,6859858.72,31.4,2.5,moyenne,moyenne,moyenne,moyenne,1548.1,332.8,Réseau de Chauffage urbain,182.0,525.0,709.6,Très lourde,H1a,1.0,5.0
2675E0081534A,2026-01-12,,avant 1948,appartement,D,B,20 Rue Jean Nicot 75007 Paris,75007,Paris,649184.64,6862473.68,30.8,2.6,bonne,insuffisante,bonne,très bonne,66.3,17.2,Électricité,244.0,292.6,908.6,Moyenne,H1a,1.0,
2675E0006571V,2026-01-04,,avant 1948,appartement,F,C,13 Rue Jeanne Hachette 75015 Paris,75015,Paris,648533.55,6860293.15,46.5,3.0,insuffisante,insuffisante,bonne,insuffisante,163.6,63.7,Électricité,344.0,644.1,1780.9,Moyenne,H1a,1.0,
2675E0030389X,2026-01-07,,avant 1948,appartement,F,C,50 Rue Broca 75005 Paris,75005,Paris,652083.98,6859927.45,7.3,2.8,insuffisante,insuffisante,bonne,très bonne,42.9,10.9,Électricité,732.0,206.7,690.9,Légère,H1a,1.0,
2675E0004400I,2026-01-02,,avant 1948,appartement,E,D,62 Rue du Dessous des Berges 75013 Paris,75013,Paris,654022.35,6858819.47,56.0,2.5,insuffisante,insuffisante,moyenne,insuffisante,23904.0,11877.2,Réseau de Chauffage urbain,288.0,2319.7,1649.4,Lourde,H1a,1.0,6.0
2675E0070236M,2026-01-12,,avant 1948,appartement,D,B,30 Rue Jean Maridor 75015 Paris,75015,Paris,647662.21,6860063.55,32.6,2.7,insuffisante,insuffisante,bonne,très bonne,66.0,12.0,Électricité,250.0,313.5,971.2,Légère,H1a,1.0,
2675E0018075H,2026-01-05,,avant 1948,appartement,E,E,73 Rue de la Convention 75015 Paris,75015,Paris,647499.39,6860532.28,37.5,2.5,insuffisante,insuffisante,très bonne,insuffisante,16185.0,9298.7,Réseau de Chauffage urbain,298.0,1964.7,1015.9,Lourde,H1a,1.0,7.0
2675E0036685B,2026-01-07,,avant 1948,appartement,G,C,47 Rue Buffon 75005 Paris,75005,Paris,652948.79,6860394.95,63.9,3.2,insuffisante,insuffisante,moyenne,très bonne,378.9,183.6,Électricité,539.0,1412.7,3710.1,Moyenne,H1a,1.0,
2675E0058489R,2026-01-09,,avant 1948,appartement,E,C,107 Rue Lemercier 75017 Paris,75017,Paris,649981.59,6865750.4,54.6,2.6,insuffisante,insuffisante,moyenne,très bonne,194.6,91.8,Électricité,319.0,701.2,1931.9,Légère,H1a,1.0,
2675E0075564K,2026-01-12,,avant 1948,appartement,D,D,13 Rue Jules Simon 75015 Paris,75015,Paris,648121.12,6860260.58,17.0,2.5,insuffisante,insuffisante,moyenne,insuffisante,14388.7,6661.1,Réseau de Chauffage urbain,255.0,771.3,394.0,Lourde,H1a,1.0,9.0
2675E0068028O,2026-01-11,,avant 1948,appartement,E,C,61 Rue Orfila 75020 Paris,75020,Paris,655874.81,6863206.6,47.2,2.5,insuffisante,insuffisante,moyenne,insuffisante,164.6,69.8,Électricité,318.0,600.1,1679.5,Moyenne,H1a,1.0,
2675E0070314M,2026-01-12,,avant 1948,appartement,E,E,113 Rue du Faubourg Saint-Antoine 75011 Paris,75011,Paris,654256.08,6861428.52,117.5,2.5,insuffisante,insuffisante,insuffisante,très bonne,396.2,188.3,Gaz naturel,277.0,7187.1,3378.5,Légère,H1a,2.0,
2675E0041432Q,2026-01-07,,avant 1948,appartement,F,F,10 Rue Stanislas 75006 Paris,75006,Paris,650704.98,6860646.01,72.5,2.9,insuffisante,insuffisante,insuffisante,très bonne,338.9,142.1,Gaz naturel,369.0,5922.6,2799.7,Moyenne,H1a,1.0,
2675E0068406C,2026-01-11,,avant 1948,appartement,D,D,20 Rue Sarrette 75014 Paris,75014,Paris,650813.72,6858731.39,47.1,2.6,insuffisante,insuffisante,moyenne,très bonne,146.9,69.7,Gaz naturel,217.0,2220.7,1199.9,Moyenne,H1a,1.0,
2675E0081724I,2026-01-12,1890.0,avant 1948,appartement,C,C,150 Rue de l'Université 75007 Paris,75007,Paris,649272.85,6862575.33,180.4,3.0,insuffisante,insuffisante,bonne,,366.8,153.3,Réseau de Chauffage urbain,151.6,4667.8,2621.0,Lourde,H1a,1.0,
2675E0071667N,2026-01-12,1945.0,avant 1948,appartement,C,C,47 Rue de Nantes 75019 Paris,75019,PARIS,654564.92,6866044.56,48.0,2.6,bonne,insuffisante,très bonne,insuffisante,1187.4,189.5,Réseau de Chauffage urbain,118.9,930.1,579.4,Moyenne,H1a,1.0,7.0
2675E0018453V,2026-01-05,,avant 1948,appartement,E,E,193 Boulevard Brune 75014 Paris,75014,Paris,650405.67,6858388.93,97.9,2.8,moyenne,insuffisante,moyenne,très bonne,251.2,106.6,Gaz naturel,254.0,5436.3,2367.5,Légère,H1a,1.0,
2675E0028669T,2026-01-06,,avant 1948,appartement,E,C,137 Rue du Faubourg du Temple 75010 Paris,75010,Paris,654263.9,6863729.61,22.6,2.5,moyenne,insuffisante,moyenne,très bonne,101.7,35.9,Électricité,365.0,327.2,980.9,Très lourde,H1a,1.0,
2675E0006607F,2026-01-04,,avant 1948,appartement,D,B,25 Rue Liancourt 75014 Paris,75014,Paris,650591.55,6859531.22,37.2,2.6,insuffisante,insuffisante,bonne,très bonne,125.2,52.6,Électricité,235.0,357.8,1030.8,Moyenne,H1a,1.0,
2375E2914234X,2023-09-01,1945.0,avant 1948,appartement,G,C,30 Rue Eugène Süe 75018 Paris,75018,Paris,652205.96,6865909.32,31.4,2.6,insuffisante,insuffisante,bonne,très bonne,147.8,68.0,Électricité,494.1,596.8,1380.0,Légère,H1a,1.0,1.0
2675E0045115H,2026-01-08,,1989-2000,immeuble,E,B,16 Rue du Buisson Saint-Louis 75010 Paris,75010,Paris,654065.01,6863781.45,,2.4,insuffisante,moyenne,insuffisante,très bonne,1234.9,117.4,Électricité,273.0,6286.3,21531.5,Légère,H1a,,3.0
2675E0004285X,2026-01-02,,avant 1948,appartement,E,D,62 Rue du Dessous des Berges 75013 Paris,75013,Paris,654022.35,6858819.47,28.0,2.5,insuffisante,insuffisante,moyenne,insuffisante,23904.0,11877.2,Réseau de Chauffage urbain,319.0,1188.9,988.5,Lourde,H1a,1.0,6.0
2575E1200549A,2025-04-08,1969.0,1948-1974,appartement,C,C,9 Rue des Périchaux 75015 Paris,75015,Paris,648436.51,6859170.37,58.0,2.5,insuffisante,insuffisante,bonne,insuffisante,33053.9,13690.3,Réseau de Chauffage urbain,176.7,1342.7,946.3,Moyenne,H1a,1.0,16.0
2675E0026733H,2026-01-06,,avant 1948,appartement,G,C,89 Rue Saint-Antoine 75004 Paris,75004,Paris,653211.86,6861814.27,26.1,2.5,bonne,insuffisante,bonne,très bonne,138.7,43.3,Électricité,526.0,548.9,1544.8,Légère,H1a,1.0,
2675E0082035H,2026-01-12,,avant 1948,appartement,D,B,6 Rue Goethe 75016 Paris,75016,Paris,648524.45,6863134.26,83.0,2.5,très bonne,bonne,bonne,très bonne,169.2,30.5,Électricité,195.0,640.3,1799.4,Légère,H1a,1.0,
2675E0045078W,2026-01-08,,avant 1948,appartement,E,E,21 Rue Oudry 75013 Paris,75013,Paris,652724.79,6859837.35,53.6,2.8,insuffisante,insuffisante,insuffisante,insuffisante,192.3,54.8,Gaz naturel,315.0,3729.1,1836.8,Légère,H1a,1.0,
2675E0009078G,2026-01-05,,avant 1948,appartement,F,F,77 Rue de Patay 75013 Paris,75013,Paris,653962.46,6858683.62,32.7,2.6,insuffisante,insuffisante,moyenne,très bonne,123.3,67.6,Gaz naturel,355.0,2546.2,1326.8,Moyenne,H1a,1.0,
2675E0070412G,2026-01-12,,avant 1948,appartement,C,C,104 Rue des Dames 75017 Paris,75017,Paris,649898.32,6864957.92,36.5,2.5,insuffisante,insuffisante,moyenne,très bonne,62.6,25.7,Gaz naturel,140.0,1070.4,696.3,Moyenne,H1a,1.0,
2675E0066234O,2026-01-10,,avant 1948,appartement,E,E,7 Rue Antoine Vollon 75012 Paris,75012,Paris,654266.77,6861351.49,64.1,2.8,insuffisante,insuffisante,insuffisante,insuffisante,224.0,89.2,Gaz naturel,304.0,4303.3,2084.7,Moyenne,H1a,1.0,
2675E0023766E,2026-01-06,,1948-1974,appartement,E,D,9 Rue du Chevaleret 75013 Paris,75013,Paris,654340.75,6858595.23,58.0,2.5,insuffisante,insuffisante,bonne,très bonne,16362.9,10808.1,Réseau de Chauffage urbain,278.0,2820.5,1470.1,Très lourde,H1a,1.0,10.0
2675E0061357Z,2026-01-09,1900.0,avant 1948,appartement,D,B,34 Rue des Maronites 75020 Paris,75020,Paris,654849.44,6863328.7,75.0,2.6,moyenne,insuffisante,insuffisante,très bonne,189.9,79.1,Électricité,239.0,718.7,1985.2,Légère,H1a,1.0,
2675E0044379Z,2026-01-08,1908.0,avant 1948,appartement,F,C,11 Rue Quinault 75015 Paris,75015,Paris,648517.24,6860687.72,49.6,2.8,insuffisante,insuffisante,bonne,insuffisante,175.1,71.2,Électricité,364.0,725.5,1997.3,Lourde,H1a,1.0,
2675E0045376I,2026-01-08,1935.0,avant 1948,appartement,F,F,11 Rue Henry de Bournazel 75014 Paris,75014,Paris,649621.55,6858536.69,57.0,2.7,insuffisante,insuffisante,moyenne,très bonne,227.2,112.1,Gaz naturel,391.0,4788.2,2108.8,Moyenne,H1a,1.0,
2275E0107132K,2022-01-14,1945.0,avant 1948,appartement,F,C,11 Rue Saint-Luc 75018 Paris,75018,Paris,652635.68,6865338.88,29.8,2.5,insuffisante,insuffisante,moyenne,très bonne,131.0,79.4,Électricité,427.0,477.4,1152.0,Lourde,H1a,1.0,1.0
2675E0038218A,2026-01-07,,avant 1948,appartement,E,D,38 Rue de Torcy 75018 Paris,75018,Paris,653215.77,6865894.28,20.6,2.5,insuffisante,insuffisante,moyenne,très bonne,54.6,29.7,Gaz naturel,308.0,897.6,776.9,Moyenne,H1a,1.0,
2575E0555238J,2025-02-18,1945.0,avant 1948,appartement,F,C,156 Rue de Charonne 75011 Paris,75011,Paris,655286.56,6861898.96,27.1,2.6,insuffisante,insuffisante,très bonne,très bonne,105.1,46.5,Électricité,379.1,406.4,1185.0,Moyenne,H1a,1.0,1.0
2675E0048113P,2026-01-08,,avant 1948,appartement,C,C,5 Rue René Boulanger 75010 Paris,75010,Paris,652917.94,6863417.03,76.1,2.6,très bonne,insuffisante,moyenne,très bonne,103.0,21.6,Gaz naturel,123.0,2020.5,1132.3,Légère,H1a,1.0,
2675E0004174Q,2026-01-02,,avant 1948,appartement,E,D,62 Rue du Dessous des Berges 75013 Paris,75013,Paris,654022.35,6858819.47,27.0,2.5,insuffisante,insuffisante,moyenne,insuffisante,23904.0,11877.2,Réseau de Chauffage urbain,321.0,1148.4,964.5,Lourde,H1a,1.0,6.0
2675E0035261H,2026-01-07,,2013-2021,appartement,C,C,60 Avenue Parmentier 75011 Paris,75011,Paris,654268.27,6862694.31,51.5,2.6,très bonne,très bonne,très bonne,très bonne,2949.3,498.0,Gaz naturel,95.0,960.1,483.8,Légère,H1a,1.0,10.0
2675E0052425L,2026-01-08,,1948-1974,appartement,D,D,9 Rue du Chevaleret 75013 Paris,75013,Paris,654340.75,6858595.23,72.0,2.5,insuffisante,insuffisante,bonne,très bonne,17682.7,10808.1,Réseau de Chauffage urbain,184.0,2283.8,1220.3,Très lourde,H1a,1.0,10.0
2675E0073258S,2026-01-12,,avant 1948,appartement,F,C,181 Rue des Pyrénées 75020 Paris,75020,Paris,656007.97,6862474.23,31.0,2.8,insuffisante,insuffisante,moyenne,très bonne,123.5,57.5,Électricité,390.0,482.4,1375.9,Légère,H1a,1.0,
